concessionaria,praca_de_pedagio,rodovia,uf,municipio,latitude,longitude,preco_categoria_1
AUTOPISTA FERNÃO DIAS,3 (Cambuí),BR-381,MG,Cambuí,-22.628487,-46.07789,
AUTOPISTA FERNÃO DIAS,5 (Carmo da Cachoeira),BR-381,MG,Carmo da Cachoeira,-21.5457,-45.240203,
AUTOPISTA FERNÃO DIAS,7 (Carmópolis de Minas),BR-381,MG,Carmópolis de Minas,-20.591486,-44.701506,
AUTOPISTA FERNÃO DIAS,8 (Itatiaiuçu),BR-381,MG,Itatiaiuçu,-20.268346,-44.423711,
AUTOPISTA FERNÃO DIAS,6 (Santo Antônio do Amparo),BR-381,MG,Santo Antônio do Amparo,-21.000367,-44.966967,
AUTOPISTA FERNÃO DIAS,4 (São Gonçalo),BR-381,MG,São Gonçalo do Sapucaí,-21.970441,-45.631188,
AUTOPISTA FERNÃO DIAS,1 Norte - Defasada (Mairiporã),BR-381,SP,Mairiporã,-23.34121,-46.573664,
AUTOPISTA FERNÃO DIAS,1 Norte (Mairiporã),BR-381,SP,Mairiporã,-23.322298,-46.581097,
AUTOPISTA FERNÃO DIAS,1 Sul (Mairiporã),BR-381,SP,Mairiporã,-23.330558,-46.578337,
AUTOPISTA FERNÃO DIAS,2 (Vargem),BR-381,SP,Vargem,-22.908685,-46.424877,
AUTOPISTA FLUMINENSE,Serrinha,BR-101,RJ,Campos dos Goytacazes,-22.04975,-41.685157,
AUTOPISTA FLUMINENSE,Conselheiro Josino,BR-101,RJ,Campos dos Goytacazes,-21.552594,-41.331597,
AUTOPISTA FLUMINENSE,Casimiro de Abreu,BR-101,RJ,Casimiro de Abreu,-22.476441,-42.088519,
AUTOPISTA FLUMINENSE,Rio Bonito,BR-101,RJ,Rio Bonito,-22.687469,-42.539855,
AUTOPISTA FLUMINENSE,São Gonçalo,BR-101,RJ,São Gonçalo,-22.774713,-42.9455,
AUTOPISTA LITORAL SUL,P1,BR-376,PR,São José dos Pinhais,-25.747708,-49.129655,
AUTOPISTA LITORAL SUL,P3,BR-101,SC,Araquari,-26.591635,-48.722079,
AUTOPISTA LITORAL SUL,P5,BR-101,SC,Palhoça,-27.885105,-48.647677,
AUTOPISTA LITORAL SUL,P4,BR-101,SC,Porto Belo,-27.185065,-48.612362,
AUTOPISTA LITORAL SUL,P2,BR-101,SC,Garuva,-25.991898,-48.881469,
AUTOPISTA PLANALTO SUL,MONTE CASTELO,BR-116,SC,Monte Castelo,-26.570363,-50.221795,
AUTOPISTA PLANALTO SUL,SANTA CECÍLIA,BR-116,SC,Santa Cecília,-27.010584,-50.428716,
AUTOPISTA PLANALTO SUL,CORREIA PINTO,BR-116,SC,Correia Pinto,-27.010584,-50.374335,
AUTOPISTA PLANALTO SUL,RIO NEGRO,BR-116,PR,Rio Negro,-26.07058,-49.739911,
AUTOPISTA PLANALTO SUL,FAZENDA RIO GRANDE,BR-116,PR,Fazenda Rio Grande,-25.713458,-49.318037,
AUTOPISTA REGIS BITTENCOURT,Campina Grande do Sul,BR-116,PR,Campina Grande do Sul,-25.289252,-48.933841,
AUTOPISTA REGIS BITTENCOURT,Miracatu,BR-116,SP,Miracatu,-24.157869,-47.32628,
AUTOPISTA REGIS BITTENCOURT,Juquiá,BR-116,SP,Juquiá,-24.389325,-47.722391,
AUTOPISTA REGIS BITTENCOURT,São Lourenço da Serra,BR-116,SP,São Lourenço da Serra,-23.787647,-46.913922,
AUTOPISTA REGIS BITTENCOURT,Barra do Turvo,BR-116,SP,Barra do Turvo,-24.964044,-48.412,
AUTOPISTA REGIS BITTENCOURT,Cajati,BR-116,SP,Cajati,-24.722483,-48.08258,
CONCEBRA,P10 PERDIZES,BR-262,MG,Perdizes,-19.617614,-47.346547,
CONCEBRA,P5 PRATA,BR-153,MG,Prata,-19.471586,-48.871046,
CONCEBRA,P8 LUZ,BR-262,MG,Luz,-19.788259,-45.58463,
CONCEBRA,P11 CAMPO FLORIDO,BR-262,MG,Conceição das Alagoas,-19.776951,-48.458219,
CONCEBRA,P7 FLORESTAL,BR-262,MG,Florestal,-19.909615,-44.506725,
CONCEBRA,P6 FRONTEIRA,BR-153,MG,Fronteira,-20.142521,-49.110488,
CONCEBRA,P9 CAMPOS ALTOS,BR-262,MG,Campos Altos,-19.647341,-46.240088,
CONCEBRA,P1 ALEXÂNIA,BR-60,GO,Alexânia,-16.115707,-48.58924,
CONCEBRA,P2 GOIANÁPOLIS,BR-60,GO,Goianápolis,-16.438631,-49.019137,
CONCEBRA,P4 ITUMBIARA,BR-153,GO,Itumbiara,-18.268544,-49.245811,
CONCEBRA,P3 PROF JAMIL,BR-153,GO,Piracanjuba,-17.16318,-49.212582,
CONCER,P1,BR-40,RJ,Duque de Caxias,-22.609965,-43.285552,
CONCER,P2,BR-40,RJ,Areal,-22.284389,-43.120269,
CONCER,P3,BR-40,MG,Simão Pereira,-21.928252,-43.316282,
CRO,P3,BR-364,MT,Campo Verde,-15.81,-55.31,
CRO,P1,BR-163,MT,Itiquira,-17.219391,-54.758685,
CRO,P5,BR-364,MT,Jangada,-15.349875,-56.415628,
CRO,P8,BR-163,MT,Lucas do Rio Verde,-13.26599,-56.022777,
CRO,P6,BR-364,MT,Nobres,-14.599728,-56.240858,
CRO,P7,BR-163,MT,Nova Mutum,-13.91952,-56.093419,
CRO,P2,BR-364,MT,Rondonópolis,-16.393565,-54.714281,
CRO,P4,BR-364,MT,Santo Antônio de Leverger,-15.702041,-55.829527,
CRO,P9,BR-163,MT,Sorriso,-12.441635,-55.653798,
ECO050,CAMPO ALEGRE,BR-50,GO,Campo Alegre de Goiás,-17.77,-47.75,
ECO050,IPAMERI,BR-50,GO,Ipameri,-17.12,-47.72,
ECO050,UBERABA,BR-50,MG,Uberaba,-19.18,-48.16,
ECO050,ARAGUARI I,BR-50,MG,Araguari,-18.54,-48.05,
ECO050,ARAGUARI II,BR-50,MG,Araguari,-18.75,-48.24,
ECO050,DELTA,BR-50,MG,Delta,-19.92,-47.83,
ECOSUL,Praça Glória,BR-392,RS,Canguçu,-31.449786,-52.640644,
ECOSUL,Praça Pavão,BR-116,RS,Capão do Leão,-31.820075,-52.526711,
ECOSUL,Praça Cristal,BR-116,RS,Cristal,-31.026386,-52.04943,
ECOSUL,Praça Retiro,BR-116,RS,Pelotas,-31.625261,-52.318116,
ECOSUL,Praça Capão Seco,BR-392,RS,Rio Grande,-31.851958,-52.326177,
ECOVIAS CAPIXABA,P3 - Aracruz,BR-101,ES,Aracruz,-19.563099,-40.177621,
ECOVIAS CAPIXABA,P5 - Guarapari,BR-101,ES,Guarapari,-20.519316,-40.478609,
ECOVIAS CAPIXABA,P6 - Itapemirim,BR-101,ES,Itapemirim,-20.878586,-40.966118,
ECOVIAS CAPIXABA,P7 - Mimoso do Sul,BR-101,ES,Mimoso do Sul,-21.158397,-41.280614,
ECOVIAS CAPIXABA,P1 - Pedro Canário,BR-101,ES,Pedro Canário,-18.184708,-39.922116,
ECOVIAS CAPIXABA,P2 - São Mateus,BR-101,ES,São Mateus,-18.863974,-39.938705,
ECOVIAS CAPIXABA,P4 - Serra,BR-101,ES,Serra,-20.032565,-40.396624,
ECOVIAS DO ARAGUAIA,P1 - Aliança do Tocantins,BR-153,TO,Aliança do Tocantins,-11.4461,-48.990283,
ECOVIAS DO ARAGUAIA,P2 - Alvorada,BR-153,TO,Alvorada,-12.34,-49.15,
ECOVIAS DO ARAGUAIA,P3 - Porangatu,BR-153,GO,Porangatu,-12.943414,-49.133122,
ECOVIAS DO ARAGUAIA,P8 - Santa Rita do Novo Destino,BR-80,GO,Santa Rita do Novo Destino,-14.814189,-49.042442,
ECOVIAS DO ARAGUAIA,P9 - Corumbá de Goiás,BR-414,GO,Corumbá de Goiás,-16.001028,-48.840289,
ECOVIAS DO ARAGUAIA,P4 - Estrela do Norte,BR-153,GO,Estrela do Norte,-13.791358,-49.034842,
ECOVIAS DO ARAGUAIA,P6 - Hidrolina,BR-153,GO,Hidrolina,-14.799372,-49.284164,
ECOVIAS DO ARAGUAIA,P7 - Jaraguá,BR-153,GO,Jaraguá,-15.827072,-49.281722,
ECOVIAS DO ARAGUAIA,P5 - Campinorte,BR-153,GO,Campinorte,-14.372969,-49.158264,
ECOVIAS DO CERRADO,P6 - CACHOEIRA ALTA,BR-364,GO,Cachoeira Alta,-18.47,-51.08,
ECOVIAS DO CERRADO,P7 - JATAÍ,BR-364,GO,Jataí,-18.11,-51.48,
ECOVIAS DO CERRADO,P5 - PARANAIGUARA,BR-364,GO,Paranaiguara,-18.88,-50.76,
ECOVIAS DO CERRADO,P1 - UBERLÂNDIA,BR-365,MG,Uberlândia,-18.88,-48.52,
ECOVIAS DO CERRADO,P3 - ITUIUTABA,BR-365,MG,Ituiutaba,-18.96,-49.59,
ECOVIAS DO CERRADO,P2 - MONTE ALEGRE,BR-365,MG,Monte Alegre de Minas,-18.88,-49.04,
ECOVIAS DO CERRADO,P4 - SANTA VITÓRIA,BR-365,MG,Santa Vitória,-18.912533,-50.224138,
ECOVIAS PONTE,NITEROÍ-1,BR-101,RJ,Niterói,-22.877944,-43.115734,
ECOVIAS RIO MINAS,P07 Magé,BR-116,RJ,Magé,-22.607222,-43.028611,
ECOVIAS RIO MINAS,P03 Santo Aleixo,BR-116,RJ,Magé,-22.610815,-43.032112,
ECOVIAS RIO MINAS,P08 Guapimirim,BR-493,RJ,Guapimirim,-22.67,-42.98,
ECOVIAS RIO MINAS,P06 Itaguaí,BR-493,RJ,Itaguaí,-22.820833,-43.805,
ECOVIAS RIO MINAS,P04 Viúva Graça,BR-116,RJ,Seropédica,-22.716277,-43.716858,
ECOVIAS RIO MINAS,P05 Viúva Graça (B),BR-116,RJ,Seropédica,-22.715213,-43.730252,
ECOVIAS RIO MINAS,P13 Santa Bárbara do Leste,BR-116,MG,Santa Bárbara do Leste,-19.991666,-42.143611,
ECOVIAS RIO MINAS,P11 São Francisco do Glória,BR-116,MG,São Francisco do Glória,-20.823611,-42.321111,
ECOVIAS RIO MINAS,P10 Laranjal,BR-116,MG,Laranjal,-21.278333,-42.412222,
ECOVIAS RIO MINAS,P09 Leopoldina,BR-116,MG,Leopoldina,-21.638611,-42.710277,
ECOVIAS RIO MINAS,P12 São João do Manhuaçu,BR-116,MG,São João do Manhuaçu,-20.430277,-42.163055,
ECOVIAS RIO MINAS,P15 Engenheiro Caldas,BR-116,MG,Engenheiro Caldas,-19.027777,-41.989444,
ECOVIAS RIO MINAS,P14 Inhapim,BR-116,MG,Inhapim,-19.468055,-42.133888,
ELOVIAS,P3,BR-40,MG,Simão Pereira,-21.928252,-43.316282,
ELOVIAS,P1,BR-40,RJ,Duque de Caxias,-22.610206,-43.285708,
ELOVIAS,P2,BR-40,RJ,Petrópolis,-22.284389,-43.120269,
EPR IGUAÇU,P02 PRUDENTROPOLIS,BR-277,PR,Prudentópolis,-25.309611,-51.168325,
EPR IGUAÇU,P07 SÃO MIQUEL DO IGUAÇU,BR-277,PR,São Miguel do Iguaçu,-25.426994,-54.364086,
EPR IGUAÇU,P04 LARANJEIRAS DO SUL,BR-277,PR,Laranjeiras do Sul,-25.346486,-52.491192,
EPR IGUAÇU,P03 CANDOI,BR-277,PR,Candói,-25.443731,-51.859064,
EPR IGUAÇU,P05 CASCAVEL,BR-277,PR,Cascavel,-25.021742,-53.278772,
EPR IGUAÇU,P06 CÉU AZUL,BR-277,PR,Céu Azul,-25.084119,-53.713553,
LITORAL PIONEIRO,P05 CARAMBEÍ,151,PR,Carambeí,-24.912222,-50.086388,
LITORAL PIONEIRO,P08 JACAREZINHO AUX I,Acesso para SP-278,PR,Jacarezinho,-23.008611,-49.906388,
LITORAL PIONEIRO,P09 JACAREZINHO AUX II,Saída para BR-153,PR,Jacarezinho,-23.008333,-49.906388,
LITORAL PIONEIRO,P03 JACAREZINHO,BR-369,PR,Jacarezinho,-23.003888,-49.909722,
LITORAL PIONEIRO,P06 JAGUARIAÍVA,151,PR,Jaguariaíva,-24.319166,-49.778611,
LITORAL PIONEIRO,P02 SENGES,151,PR,Sengés,-24.123056,-49.543889,
LITORAL PIONEIRO,P01 SÃO JOSÉ DOS PINHAIS,BR-277,PR,São José dos Pinhais,-25.55,-49.04,
LITORAL PIONEIRO,P07 QUATIGUÁ,092,PR,Siqueira Campos,-24.643739,-49.840669,
NOVA 364,Free Flow Itapuã - P02,BR-364,RO,Alto Paraíso,-9.5397,-63.0767,
NOVA 364,Free Flow Pres. Médici - P05,BR-364,RO,Cacoal,-11.384193,-61.73566,
NOVA 364,Free Flow Candeias - P01,BR-364,RO,Candeias do Jamari,-8.792398,-63.650532,
NOVA 364,Free Flow Ouro Preto  - P04,BR-364,RO,Ouro Preto do Oeste,-10.6081,-62.3395,
NOVA 364,Free Flow Pimenta Bueno1 - P06,BR-364,RO,Pimenta Bueno,-11.527534,-61.333997,
NOVA 364,Free Flow Pimenta Bueno2 - P07,BR-364,RO,Pimenta Bueno,-12.110803,-60.746925,
NOVA 364,Free Flow Jarú -  P03,BR-364,RO,Theobroma,-10.287172,-62.670764,
NOVA 381,Free Flow Belo Oriente - P04,BR-381,MG,Belo Oriente,-19.348242,-42.433175,
NOVA 381,Free Flow Caeté - P01,BR-381,MG,Caeté,-19.743897,-43.615283,
NOVA 381,Free Flow Governador Valadares - P05,BR-381,MG,Governador Valadares,-19.028744,-42.147708,
NOVA 381,Free Flow Jaguaraçú - P03,BR-381,MG,Jaguaraçu,-19.609967,-42.766233,
NOVA 381,Free Flow João Monlevade - P02,BR-381,MG,João Monlevade,-19.853947,-43.132689,
PANTANAL,P3-Caarapó,BR-163,MS,Caarapó,-22.476042,-54.860799,
PANTANAL,P5-Campo Grande,BR-163,MS,Campo Grande,-20.882783,-54.504644,
PANTANAL,P2-Itaquirai,BR-163,MS,Itaquiraí,-23.167432,-54.19897,
PANTANAL,P6-Jaraguari,BR-163,MS,Jaraguari,-20.04,-54.41,
PANTANAL,P1-Mundo Novo,BR-163,MS,Mundo Novo,-23.865169,-54.329788,
PANTANAL,P4-Rio Brilhante,BR-163,MS,Rio Brilhante,-21.865146,-54.528504,
PANTANAL,P8-Rio Verde,BR-163,MS,Rio Verde de Mato Grosso,-18.722782,-54.814951,
PANTANAL,P7-São Gabriel,BR-163,MS,São Gabriel do Oeste,-19.473376,-54.496991,
PANTANAL,P9-Sonora,BR-163,MS,Sonora,-17.766671,-54.750815,
PRVIAS,P05 TIBAGI,BR-376,PR,Tibagi,-24.923695,-50.409044,
PRVIAS,P01 SERTANEJA,323,PR,Sertaneja,-22.915601,-50.817212,
PRVIAS,FREE FLOW P7 LONDRINA,445,PR,Mauá da Serra,-23.889283,-51.183664,
PRVIAS,FREE FLOW P2 MAUÁ DA SERRA,BR-376,PR,Mauá da Serra,-23.905773,-51.199273,
PRVIAS,P03 ORTIGUEIRA,BR-376,PR,Ortigueira,-24.034399,-51.089008,
PRVIAS,P04 IMBAÚ,BR-376,PR,Ortigueira,-24.382178,-50.790301,
PRVIAS,P06 WITMARSUM,BR-376,PR,Palmeira,-25.346974,-49.843065,
RIOSP,Moreira César Norte,BR-116,SP,Pindamonhangaba,-22.93,-45.36,
RIOSP,Moreira César Sul,BR-116,SP,Pindamonhangaba,-22.93,-45.36,
RIOSP,Guararema Norte,BR-116,SP,Santa Isabel,-23.35,-46.16,
RIOSP,Viúva Graça Norte,BR-116,RJ,Seropédica,-22.716155,-43.716697,
RIOSP,Viuvinha Norte,BR-116,RJ,Seropédica,-22.715133,-43.730239,
RIOSP,Arujá Rodoanel,BR-116,SP,Arujá,-23.42,-46.37,
RIOSP,Arujá Norte,BR-116,SP,Arujá,-23.41,-46.36,
RIOSP,Arujá Sul,BR-116,SP,Arujá,-23.41,-46.36,
RIOSP,Free Flow Paraty,BR-101,RJ,Paraty,-23.05,-44.58,
RIOSP,Free Flow Itaguaí,BR-101,RJ,Itaguaí,-22.91,-43.89,
RIOSP,Itatiaia Norte,BR-116,RJ,Itatiaia,-22.49,-44.57,
RIOSP,Itatiaia Sul,BR-116,RJ,Itatiaia,-22.49,-44.57,
RIOSP,Free Flow Mangaratiba,BR-101,RJ,Mangaratiba,-23.00632,-44.099135,
RIOSP,Free Flow PFE004 - PFS003 Sul,BR-116,SP,São Paulo,-23.497507,-46.560039,
RIOSP,Free Flow PFE004 - PFS004 Sul,BR-116,SP,São Paulo,-23.497507,-46.560039,
RIOSP,Free Flow PFE004 - PFS005 Sul,BR-116,SP,São Paulo,-23.497507,-46.560039,
RIOSP,Free Flow PFE005 - BAIRRO Norte,BR-116,SP,São Paulo,-23.526095,-46.588329,
RIOSP,Free Flow PFE005 - PEDARD Norte,BR-116,SP,São Paulo,-23.526095,-46.588329,
RIOSP,Free Flow PFE005 - PEDARU Norte,BR-116,SP,São Paulo,-23.526095,-46.588329,
RIOSP,Free Flow PFE005 - PFS006 Norte,BR-116,SP,São Paulo,-23.526095,-46.588329,
RIOSP,Free Flow PFE005 - PFS007 Norte,BR-116,SP,São Paulo,-23.526095,-46.588329,
RIOSP,Free Flow PFE005 - PFS008 Norte,BR-116,SP,São Paulo,-23.526095,-46.588329,
RIOSP,Free Flow PFE005 - PFS009 Norte,BR-116,SP,São Paulo,-23.526095,-46.588329,
RIOSP,Free Flow PFE005 - PFS010 Norte,BR-116,SP,São Paulo,-23.526095,-46.588329,
RIOSP,Free Flow PFE006 - BAIRRO Norte,BR-116,SP,São Paulo,-23.50926,-46.572718,
RIOSP,Free Flow PFE006 - PEDARD Norte,BR-116,SP,São Paulo,-23.50926,-46.572718,
RIOSP,Free Flow PFE006 - PEDARU Norte,BR-116,SP,São Paulo,-23.50926,-46.572718,
RIOSP,Free Flow PFE006 - PFS006 Norte,BR-116,SP,São Paulo,-23.50926,-46.572718,
RIOSP,Free Flow PFE006 - PFS007 Norte,BR-116,SP,São Paulo,-23.50926,-46.572718,
RIOSP,Free Flow PFE006 - PFS008 Norte,BR-116,SP,São Paulo,-23.50926,-46.572718,
RIOSP,Free Flow PFE006 - PFS009 Norte,BR-116,SP,São Paulo,-23.50926,-46.572718,
RIOSP,Free Flow PFE006 - PFS010 Norte,BR-116,SP,São Paulo,-23.50926,-46.572718,
RIOSP,Guararema Sul,BR-116,SP,Guararema,-23.34,-46.15,
RIOSP,Free Flow PFE007 - BAIRRO Norte,BR-116,SP,Guarulhos,-23.479177,-46.530417,
RIOSP,Free Flow PFE007 - PEDARD Norte,BR-116,SP,Guarulhos,-23.479177,-46.530417,
RIOSP,Free Flow PFE007 - PEDARU Norte,BR-116,SP,Guarulhos,-23.479177,-46.530417,
RIOSP,Free Flow PFE007 - PFS008 Norte,BR-116,SP,Guarulhos,-23.479177,-46.530417,
RIOSP,Free Flow PFE007 - PFS009 Norte,BR-116,SP,Guarulhos,-23.479177,-46.530417,
RIOSP,Free Flow PFE007 - PFS010 Norte,BR-116,SP,Guarulhos,-23.479177,-46.530417,
RIOSP,Free Flow PFE008 - BAIRRO Norte,BR-116,SP,Guarulhos,-23.44491,-46.449184,
RIOSP,Free Flow PFE008 - PEDARD Norte,BR-116,SP,Guarulhos,-23.44491,-46.449184,
RIOSP,Free Flow PFE008 - PEDARU Norte,BR-116,SP,Guarulhos,-23.44491,-46.449184,
RIOSP,Free Flow PFE008 - PFS010 Norte,BR-116,SP,Guarulhos,-23.44491,-46.449184,
RIOSP,Free Flow PFE009 - BAIRRO Norte,BR-116,SP,Guarulhos,-23.429571,-46.412718,
RIOSP,Free Flow PFE009 - PEDARD Norte,BR-116,SP,Guarulhos,-23.429571,-46.412718,
RIOSP,Free Flow PFE009 - PEDARU Norte,BR-116,SP,Guarulhos,-23.429571,-46.412718,
RIOSP,Free Flow PFE009 - PFS010 Norte,BR-116,SP,Guarulhos,-23.429571,-46.412718,
RIOSP,Free Flow PPF001 Sul - PFS001 Sul,BR-116,SP,Guarulhos,-23.417379,-46.37647,
RIOSP,Free Flow PPF001 Sul - PFS002 Sul,BR-116,SP,Guarulhos,-23.417379,-46.37647,
RIOSP,Free Flow PPF001 Sul - PFS003 Sul,BR-116,SP,Guarulhos,-23.417379,-46.37647,
RIOSP,Free Flow PPF001 Sul - PFS004 Sul,BR-116,SP,Guarulhos,-23.417379,-46.37647,
RIOSP,Free Flow PPF001 Sul - PFS005 Sul,BR-116,SP,Guarulhos,-23.417379,-46.37647,
RIOSP,Free Flow PFE001 - PFS001 Sul,BR-116,SP,Guarulhos,-23.43512,-46.426737,
RIOSP,Free Flow PFE001 - PFS002 Sul,BR-116,SP,Guarulhos,-23.43512,-46.426737,
RIOSP,Free Flow PFE001 - PFS003 Sul,BR-116,SP,Guarulhos,-23.43512,-46.426737,
RIOSP,Free Flow PFE001 - PFS004 Sul,BR-116,SP,Guarulhos,-23.43512,-46.426737,
RIOSP,Free Flow PFE001 - PFS005 Sul,BR-116,SP,Guarulhos,-23.43512,-46.426737,
RIOSP,Free Flow PFE002 - PFS002 Sul,BR-116,SP,Guarulhos,-23.463679,-46.495578,
RIOSP,Free Flow PFE002 - PFS003 Sul,BR-116,SP,Guarulhos,-23.463679,-46.495578,
RIOSP,Free Flow PFE002 - PFS004 Sul,BR-116,SP,Guarulhos,-23.463679,-46.495578,
RIOSP,Free Flow PFE002 - PFS005 Sul,BR-116,SP,Guarulhos,-23.463679,-46.495578,
RIOSP,Free Flow PFE003 - PFS002 Sul,BR-116,SP,Guarulhos,-23.484416,-46.539191,
RIOSP,Free Flow PFE003 - PFS003 Sul,BR-116,SP,Guarulhos,-23.484416,-46.539191,
RIOSP,Free Flow PFE003 - PFS004 Sul,BR-116,SP,Guarulhos,-23.484416,-46.539191,
RIOSP,Free Flow PFE003 - PFS005 Sul,BR-116,SP,Guarulhos,-23.484416,-46.539191,
RIOSP,Jacareí Norte,BR-116,SP,Jacareí,-23.3,-46.01,
RIOSP,Jacareí Sul,BR-116,SP,Jacareí,-23.3,-46.01,
RODOVIA DO AÇO,PARAÍBA DO SUL,BR-393,RJ,Paraíba do Sul,-22.208911,-43.382139,
RODOVIA DO AÇO,SAPUCAIA,BR-393,RJ,Sapucaia,-21.962326,-42.861675,
RODOVIA DO AÇO,BARRA DA PIRAI,BR-393,RJ,Barra do Piraí,-22.485435,-43.919084,
TRANSBRASILIANA,P 02,BR-153,SP,José Bonifácio,-20.9975,-49.628333,
TRANSBRASILIANA,P 03,BR-153,SP,Lins,-21.710555,-49.808611,
TRANSBRASILIANA,P 01,BR-153,SP,Onda Verde,-20.588611,-49.318055,
TRANSBRASILIANA,P 04,BR-153,SP,Vera Cruz,-22.336311,-49.898833,
VIA ARAUCÁRIA,P01 São Luiz do Purunã,BR-277,PR,Balsa Nova,-25.47,-49.66,
VIA ARAUCÁRIA,P04 Imbituva,BR-373,PR,Imbituva,-25.16,-50.54,
VIA ARAUCÁRIA,P03 Irati,BR-277,PR,Irati,-25.44,-50.72,
VIA ARAUCÁRIA,P02 Porto Amazonas,BR-277,PR,Porto Amazonas,-25.47,-49.9,
VIA ARAUCÁRIA,P05 Lapa,BR-476,PR,Lapa,-25.725664,-49.699992,
VIA BRASIL,P2 - Guarantã do Norte,BR-163,MT,Terra Nova do Norte,-9.756473,-54.89443,
VIA BRASIL,P1 - Claúdia,BR-163,MT,Cláudia,-11.339218,-55.331222,
VIA BRASIL,P3 - Trairão,BR-163,PA,Trairão,-4.620594,-55.951381,
VIA COSTEIRA,P1-Laguna,BR-101,SC,Laguna,-28.350722,-48.739429,
VIA COSTEIRA,P3-Araranguá,BR-101,SC,Maracajá,-28.89774,-49.473136,
VIA COSTEIRA,P4-São João do Sul,BR-101,SC,São João do Sul,-29.243667,-49.754475,
VIA COSTEIRA,P2-Tubarão,BR-101,SC,Tubarão,-28.554278,-49.054214,
VIA CRISTAIS,P7 - Capim Branco,BR-40,MG,Capim Branco,-19.60121,-44.22196,
VIA CRISTAIS,P6 - Curvelo,BR-40,MG,Curvelo,-19.0793,-44.65495,
VIA CRISTAIS,P5 - Felixlândia,BR-40,MG,Felixlândia,-18.5654,-45.02116,
VIA CRISTAIS,P3 - João Pinheiro,BR-40,MG,João Pinheiro,-17.94577,-46.03425,
VIA CRISTAIS,P2 - Lagoa Grande,BR-40,MG,Lagoa Grande,-17.50598,-46.56465,
VIA CRISTAIS,P4 - São Gonçalo do Abaeté,BR-40,MG,São Gonçalo do Abaeté,-18.13265,-45.40817,
VIA CRISTAIS,P1 - Paracatu,BR-40,MG,Paracatu,-17.09831,-47.02624,
VIA MINEIRA,P2 - Lafaiete,BR-40,MG,Conselheiro Lafaiete,-20.76702,-43.80668,
VIA MINEIRA,P1 - Itabirito,BR-40,MG,Itabirito,-20.27288,-43.95112,
VIA MINEIRA,P3 - Barbacena,BR-40,MG,Barbacena,-21.26271,-43.66224,
VIA SUL,P2-Santo Antônio da Patrulha,BR-290,RS,Santo Antônio da Patrulha,-29.885897,-50.448964,
VIA SUL,P1-Três Cachoeiras,BR-101,RS,Três Cachoeiras,-29.520461,-49.996581,
VIA SUL,P7-Victor Graeff,BR-386,RS,Victor Graeff,-28.502039,-52.644709,
VIA SUL,P6-Fontoura Xavier,BR-386,RS,Fontoura Xavier,-28.905316,-52.396797,
VIA SUL,P3-Gravatai,BR-290,RS,Gravataí,-29.925023,-50.859104,
VIA SUL,P4-Montenegro,BR-386,RS,Montenegro,-29.81976,-51.360405,
VIA SUL,P5-Paverama,BR-386,RS,Paverama,-29.626833,-51.775773,
WAY 262,Praça 04 - Campos Altos,BR-262,MG,Campos Altos,-19.647218,-46.240041,
WAY 262,Praça 05 - Ibiá - Free Flow,BR-262,MG,Ibiá,-19.55027,-46.850368,
WAY 262,Praça 01 - Florestal,BR-262,MG,Florestal,-19.909936,-44.506876,
WAY 262,Praça 06 - Perdizes,BR-262,MG,Perdizes,-19.617598,-47.34653,
WAY 262,Praça 02 - Nova Serrana - Free Flow,BR-262,MG,Nova Serrana,-19.812626,-45.103461,
WAY 262,Praça 03 - Luz,BR-262,MG,Luz,-19.788222,-45.584607,
